﻿<?xml version="1.0" encoding="utf-8"?>
<DacOrigin xmlns="http://schemas.microsoft.com/sqlserver/dac/Serialization/2012/02">
  <PackageProperties>
    <Version>3.1.0.0</Version>
    <ContainsExportedData>true</ContainsExportedData>
    <StreamVersions>
      <Version StreamName="Data">2.0.0.0</Version>
      <Version StreamName="DeploymentContributors">1.0.0.0</Version>
    </StreamVersions>
  </PackageProperties>
  <Operation>
    <Identity>1a433bbc-81b3-44e6-bb35-16dd3ebbd4a6</Identity>
    <Start>2014-02-18T12:41:04.8787020+00:00</Start>
    <End>0001-01-01T00:00:00.0000000</End>
    <ProductName>Microsoft.SqlServer.Dac, Version=10.3.0.0, Culture=neutral, PublicKeyToken=b03f5f7f11d50a3a</ProductName>
    <ProductVersion>11.0.2903.0</ProductVersion>
    <ProductSchema>http://schemas.microsoft.com/sqlserver/dac/Serialization/2012/02</ProductSchema>
  </Operation>
  <Server>
    <ServerVersion>Microsoft SQL Azure (RTM) - 11.0.9206.99 
	Feb 14 2014 23:06:07 
	Copyright (c) Microsoft Corporation
</ServerVersion>
    <ObjectCounts>
      <ComputedColumn>228</ComputedColumn>
      <DatabaseOptions>1</DatabaseOptions>
      <Index>118</Index>
      <MultiStatementTableValuedFunction>2</MultiStatementTableValuedFunction>
      <PermissionStatement>140</PermissionStatement>
      <PrimaryKeyConstraint>32</PrimaryKeyConstraint>
      <Procedure>99</Procedure>
      <ScalarFunction>19</ScalarFunction>
      <ScriptFunctionImplementation>21</ScriptFunctionImplementation>
      <SimpleColumn>2130</SimpleColumn>
      <SubroutineParameter>240</SubroutineParameter>
      <Table>83</Table>
      <TableType>2</TableType>
      <TableTypeSimpleColumn>29</TableTypeSimpleColumn>
      <View>21</View>
    </ObjectCounts>
  </Server>
  <ExportStatistics>
    <SourceDatabaseSize>9304</SourceDatabaseSize>
    <TableRowCountTotalTag>6647</TableRowCountTotalTag>
  </ExportStatistics>
  <Checksums>
    <Checksum Uri="/model.xml">ECF747B954911D2E73F5BE89B6F9D4E0B84A7F9B59B984855CDBF3BDD0403660</Checksum>
  </Checksums>
</DacOrigin>